id,title,price,image,gallery,colors,color_galleries,whatsappLink,badge,sizes,description,currency,availability,condition,brand,category,image_link,link
ICEMAKE_IFC425,Icemake IFC425 – 380 L Combi Freezer/Cooler,,assest/icemake/IFC425.jpg,assest/icemake/IFC425.jpg,,,https://wa.me/?text=Enquiry%20for%20Icemake%20IFC425%20%E2%80%93%20380%20L%20Combi%20Freezer/Cooler,,,"Dual‑zone chest: one side chills, the other freezes. Thick PUF, copper coil, lockable lids, easy to move on castors.",INR,in stock,new,Icemake,Combi Freezer/Cooler,,/product/icemake-ifc425
ICEMAKE_IFC525,Icemake IFC525 – 495 L Combi Freezer/Cooler,,assest/icemake/IFC525.jpg,assest/icemake/IFC525.jpg,,,https://wa.me/?text=Enquiry%20for%20Icemake%20IFC525%20%E2%80%93%20495%20L%20Combi%20Freezer/Cooler,,,Higher‑capacity dual‑zone chest for supermarkets and bulk storage. Efficient holdover and rugged build.,INR,in stock,new,Icemake,Combi Freezer/Cooler,,/product/icemake-ifc525
ICEMAKE_IGT350,Icemake IGT350 – 300 L Glass Top Deep Freezer,,assest/icemake/IGT350.jpg,assest/icemake/IGT350.jpg,,,https://wa.me/?text=Enquiry%20for%20Icemake%20IGT350%20%E2%80%93%20300%20L%20Glass%20Top%20Deep%20Freezer,,,Sliding glass-top display freezer; −12° to −25°C; 70 mm PUF insulation. Ideal for impulse sales.,INR,in stock,new,Icemake,Glass Top Deep Freezer,,/product/icemake-igt350
ICEMAKE_IGT450,Icemake IGT450 – 400 L Glass Top Deep Freezer,,assest/icemake/IGT450.jpg,assest/icemake/IGT450.jpg,,,https://wa.me/?text=Enquiry%20for%20Icemake%20IGT450%20%E2%80%93%20400%20L%20Glass%20Top%20Deep%20Freezer,,,Mid-size glass-top with wide display area and efficient cooling for frozen foods and ice cream.,INR,in stock,new,Icemake,Glass Top Deep Freezer,,/product/icemake-igt450
ICEMAKE_IGT550,Icemake IGT550 – 500 L Glass Top Deep Freezer,,assest/icemake/IGT550.jpg,assest/icemake/IGT550.jpg,,,https://wa.me/?text=Enquiry%20for%20Icemake%20IGT550%20%E2%80%93%20500%20L%20Glass%20Top%20Deep%20Freezer,,,Large-capacity glass-top; deep baskets; robust PUF for long holdover during outages.,INR,in stock,new,Icemake,Glass Top Deep Freezer,,/product/icemake-igt550
ICEMAKE_IHT175_SD,Icemake IHT175 SD – 100 L Hard Top Deep Freezer,,assest/icemake/IHT175-SD.jpg,assest/icemake/IHT175-SD.jpg,,,https://wa.me/?text=Enquiry%20for%20Icemake%20IHT175%20SD%20%E2%80%93%20100%20L%20Hard%20Top%20Deep%20Freezer,,,Compact convertible chest (+3° to −25°C) with lock and anti‑bacterial gasket; perfect for tight spaces.,INR,in stock,new,Icemake,Hard Top Deep Freezer,,/product/icemake-iht175-sd
ICEMAKE_IHT250,Icemake IHT250 – 210 L Hard Top Deep Freezer,,assest/icemake/IHT250.jpg,assest/icemake/IHT250.jpg,,,https://wa.me/?text=Enquiry%20for%20Icemake%20IHT250%20%E2%80%93%20210%20L%20Hard%20Top%20Deep%20Freezer,,,Single-door convertible chest (+3° to −25°C); 70 mm PUF; reliable daily performance.,INR,in stock,new,Icemake,Hard Top Deep Freezer,,/product/icemake-iht250
ICEMAKE_IHT350,Icemake IHT350 – 305 L Hard Top Deep Freezer,,assest/icemake/IHT350.jpg,assest/icemake/IHT350.jpg,,,https://wa.me/?text=Enquiry%20for%20Icemake%20IHT350%20%E2%80%93%20305%20L%20Hard%20Top%20Deep%20Freezer,,,Double-door convertible chest; sturdy hardware and service-friendly design.,INR,in stock,new,Icemake,Hard Top Deep Freezer,,/product/icemake-iht350
ICEMAKE_IHT450,Icemake IHT450 – 405 L Hard Top Deep Freezer,,assest/icemake/IHT450.jpg,assest/icemake/IHT450.jpg,,,https://wa.me/?text=Enquiry%20for%20Icemake%20IHT450%20%E2%80%93%20405%20L%20Hard%20Top%20Deep%20Freezer,,,405 L double‑door convertible chest; thick insulation and easy-clean interior.,INR,in stock,new,Icemake,Hard Top Deep Freezer,,/product/icemake-iht450
ICEMAKE_IHT550,Icemake IHT550 – 505 L Hard Top Deep Freezer,,assest/icemake/IHT550.jpg,assest/icemake/IHT550.jpg,,,https://wa.me/?text=Enquiry%20for%20Icemake%20IHT550%20%E2%80%93%20505%20L%20Hard%20Top%20Deep%20Freezer,,,High-capacity double‑door chest; efficient cooling with copper condenser & 70 mm PUF.,INR,in stock,new,Icemake,Hard Top Deep Freezer,,/product/icemake-iht550
ICEMAKE_IHT650,Icemake IHT650 – 600 L Hard Top Deep Freezer,,assest/icemake/IHT650.jpg,assest/icemake/IHT650.jpg,,,https://wa.me/?text=Enquiry%20for%20Icemake%20IHT650%20%E2%80%93%20600%20L%20Hard%20Top%20Deep%20Freezer,,,Triple‑door convertible chest; built for heavy retail duty and backroom storage.,INR,in stock,new,Icemake,Hard Top Deep Freezer,,/product/icemake-iht650
ICEMAKE_IMVC300,Icemake IMVC300 – 333 L Visi Cooler,,assest/icemake/IMVC300.jpg,assest/icemake/IMVC300.jpg,,,https://wa.me/?text=Enquiry%20for%20Icemake%20IMVC300%20%E2%80%93%20333%20L%20Visi%20Cooler,,,Single‑door visi cooler; fog‑free toughened glass; +2° to +8°C; adjustable shelves; vertical LED.,INR,in stock,new,Icemake,Visi Cooler,https://dynamicdistributors.in/wp-content/uploads/2025/06/product-jpeg-1000x1000_02-1-600x600.jpg,/product/icemake-imvc300
ICEMAKE_IMVC450,Icemake IMVC450 – 457 L Visi Cooler,,assest/icemake/IMVC450.jpg,assest/icemake/IMVC450.jpg,,,https://wa.me/?text=Enquiry%20for%20Icemake%20IMVC450%20%E2%80%93%20457%20L%20Visi%20Cooler,,,450–457 L single‑door visi cooler; efficient merchandising with bright LED lighting.,INR,in stock,new,Icemake,Visi Cooler,https://dynamicdistributors.in/wp-content/uploads/2025/06/product-jpeg-1000x1000_02-1-2-600x600.jpg,/product/icemake-imvc450
ICEMAKE_IMVC550,Icemake IMVC550 – 569 L Visi Cooler,,assest/icemake/IMVC550.jpg,assest/icemake/IMVC550.jpg,,,https://wa.me/?text=Enquiry%20for%20Icemake%20IMVC550%20%E2%80%93%20569%20L%20Visi%20Cooler,,,Single‑door visi cooler ~550–569 L; robust cooling for beverages and dairy.,INR,in stock,new,Icemake,Visi Cooler,https://dynamicdistributors.in/wp-content/uploads/2025/06/product-jpeg-1000x1000_02-1-1-600x600.jpg,/product/icemake-imvc550
ICEMAKE_IMVC900,Icemake IMVC900 – 1009 L Visi Cooler,,assest/icemake/IMVC900.jpg,assest/icemake/IMVC900.jpg,,,https://wa.me/?text=Enquiry%20for%20Icemake%20IMVC900%20%E2%80%93%201009%20L%20Visi%20Cooler,,,Double‑door visi cooler ~900–1009 L; eight shelves for high‑volume display.,INR,in stock,new,Icemake,Visi Cooler,https://dynamicdistributors.in/wp-content/uploads/2025/06/product-1000x1000_-600x600.jpg,/product/icemake-imvc900
